[
  {
    "id": 1,
    "Name": "정혜림",
    "Season": "18-3",
    "major": "경영학과",
    "Image": ""
  },
  {
    "id": 2,
    "Name": "강도현",
    "Season": "18-3",
    "major": "경영학과",
    "Image": ""
  },
  {
    "id": 3,
    "Name": "윤성찬",
    "Season": "18-3",
    "major": "경영학과",
    "Image": ""
  },
  {
    "id": 4,
    "Name": "김지용",
    "Season": "18-3",
    "major": "경영학과",
    "Image": ""
  },
  {
    "id": 5,
    "Name": "구민우",
    "Season": "18-3",
    "major": "경영학과",
    "Image": ""
  },
  {
    "id": 6,
    "Name": "김동원",
    "Season": "18-3",
    "major": "경영학과",
    "Image": ""
  },
  {
    "id": 7,
    "Name": "윤성욱",
    "Season": "18-3",
    "major": "디자인공학",
    "Image": ""
  },
  {
    "id": 8,
    "Name": "전동렬",
    "Season": "18-3",
    "major": "디자인공학",
    "Image": ""
  },
  {
    "id": 9,
    "Name": "강지승",
    "Season": "18-3",
    "major": "디자인공학",
    "Image": "http://202.31.202.253:5000/assets/image/member/1기_산공_강지승.jpg"
  },
  {
    "id": 10,
    "Name": "정원주",
    "Season": "18-3",
    "major": "디자인공학",
    "Image": "http://202.31.202.253:5000/assets/image/member/1기_산공_정원주.jpg"
  },
  {
    "id": 11,
    "Name": "노규명",
    "Season": "18-3",
    "major": "디자인공학",
    "Image": ""
  },
  {
    "id": 12,
    "Name": "이준영",
    "Season": "18-3",
    "major": "디자인공학",
    "Image": ""
  },
  {
    "id": 13,
    "Name": "이진수",
    "Season": "18-3",
    "major": "디자인공학",
    "Image": ""
  },
  {
    "id": 14,
    "Name": "하아얀",
    "Season": "18-3",
    "major": "디자인공학",
    "Image": ""
  },
  {
    "id": 15,
    "Name": "강민정",
    "Season": "18-3",
    "major": "디자인공학",
    "Image": "http://202.31.202.253:5000/assets/image/member/1기_산공_강민정.jpg"
  },
  {
    "id": 16,
    "Name": "류효연",
    "Season": "18-3",
    "major": "디자인공학",
    "Image": null
  },
  {
    "id": 17,
    "Name": "윤성찬",
    "Season": "19-1",
    "major": "경영학과",
    "Image": null
  },
  {
    "id": 18,
    "Name": "강도현",
    "Season": "19-1",
    "major": "경영학과",
    "Image": null
  },
  {
    "id": 19,
    "Name": "김현경",
    "Season": "19-1",
    "major": "경영학과",
    "Image": null
  },
  {
    "id": 20,
    "Name": "변경환",
    "Season": "19-1",
    "major": "경영학과",
    "Image": null
  },
  {
    "id": 21,
    "Name": "조지민",
    "Season": "19-1",
    "major": "경영학과",
    "Image": null
  },
  {
    "id": 22,
    "Name": "조현우",
    "Season": "19-1",
    "major": "경영학과",
    "Image": null
  },
  {
    "id": 23,
    "Name": "최민주",
    "Season": "19-1",
    "major": "경영학과",
    "Image": null
  },
  {
    "id": 24,
    "Name": "이동언",
    "Season": "19-1",
    "major": "디자인공학",
    "Image": null
  },
  {
    "id": 25,
    "Name": "강민정",
    "Season": "19-1",
    "major": "디자인공학",
    "Image": "http://202.31.202.253:5000/assets/image/member/2기_산공_강민정.jpg"
  },
  {
    "id": 26,
    "Name": "김민정",
    "Season": "19-1",
    "major": "디자인공학",
    "Image": null
  },
  {
    "id": 27,
    "Name": "김경민",
    "Season": "19-1",
    "major": "디자인공학",
    "Image": null
  },
  {
    "id": 28,
    "Name": "허준혁",
    "Season": "19-1",
    "major": "디자인공학",
    "Image": null
  },
  {
    "id": 29,
    "Name": "류효연",
    "Season": "19-3",
    "major": "디자인공학",
    "Image": null
  },
  {
    "id": 30,
    "Name": "변경환",
    "Season": "19-3",
    "major": "경영학과",
    "Image": null
  },
  {
    "id": 31,
    "Name": "이대현",
    "Season": "19-3",
    "major": "경영학과",
    "Image": null
  },
  {
    "id": 32,
    "Name": "조준희",
    "Season": "19-3",
    "major": "경영학과",
    "Image": "http://202.31.202.253:5000/assets/image/member/3기_경영_조준희.jpg"
  },
  {
    "id": 33,
    "Name": "조인철",
    "Season": "19-3",
    "major": "경영학과",
    "Image": null
  },
  {
    "id": 34,
    "Name": "류순열",
    "Season": "19-3",
    "major": "경영학과",
    "Image": "http://202.31.202.253:5000/assets/image/member/3기_경영_류순열.jpg"
  },
  {
    "id": 35,
    "Name": "강민정",
    "Season": "19-3",
    "major": "디자인공학",
    "Image": "http://202.31.202.253:5000/assets/image/member/3기_산공_강민정.jpg"
  },
  {
    "id": 36,
    "Name": "이동언",
    "Season": "19-3",
    "major": "디자인공학",
    "Image": null
  },
  {
    "id": 37,
    "Name": "김호준",
    "Season": "19-3",
    "major": "디자인공학",
    "Image": null
  },
  {
    "id": 38,
    "Name": "김호영",
    "Season": "19-3",
    "major": "디자인공학",
    "Image": null
  },
  {
    "id": 39,
    "Name": "정다영",
    "Season": "19-3",
    "major": "디자인공학",
    "Image": "http://202.31.202.253:5000/assets/image/member/3기_산공_정다영.jpg"
  },
  {
    "id": 40,
    "Name": "허준혁",
    "Season": "19-3",
    "major": "디자인공학",
    "Image": null
  },
  {
    "id": 41,
    "Name": "류효연",
    "Season": "19-3",
    "major": "디자인공학",
    "Image": null
  },
  {
    "id": 42,
    "Name": "추교준",
    "Season": "19-3",
    "major": "컴퓨터공학과",
    "Image": null
  },
  {
    "id": 43,
    "Name": "김정호",
    "Season": "19-3",
    "major": "컴퓨터공학과",
    "Image": "http://202.31.202.253:5000/assets/image/member/3기_컴공_김정호.jpg"
  },
  {
    "id": 44,
    "Name": "김태성",
    "Season": "19-3",
    "major": "컴퓨터공학과",
    "Image": "http://202.31.202.253:5000/assets/image/member/3기_컴공_김태성.jpg"
  },
  {
    "id": 45,
    "Name": "황일용",
    "Season": "19-3",
    "major": "컴퓨터공학과",
    "Image": null
  },
  {
    "id": 46,
    "Name": "김태민",
    "Season": "19-3",
    "major": "컴퓨터소프트웨어공학과",
    "Image": "http://202.31.202.253:5000/assets/image/member/3기_컴소공_김태민.jpg"
  },
  {
    "id": 47,
    "Name": "노상원",
    "Season": "19-3",
    "major": "컴퓨터소프트웨어공학과",
    "Image": "http://202.31.202.253:5000/assets/image/member/3기_컴소공_노상원.jpg"
  },
  {
    "id": 48,
    "Name": "목지현",
    "Season": "19-3",
    "major": "컴퓨터소프트웨어공학과",
    "Image": "http://202.31.202.253:5000/assets/image/member/3기_컴소공_목지현.jpg"
  },
  {
    "id": 49,
    "Name": "이강준",
    "Season": "19-3",
    "major": "컴퓨터소프트웨어공학과",
    "Image": "http://202.31.202.253:5000/assets/image/member/3기_컴소공_이강준.jpg"
  },
  {
    "id": 50,
    "Name": "김지웅",
    "Season": "19-1",
    "major": "디자인공학",
    "Image": "http://202.31.202.253:5000/assets/image/member/2기_산공_김지웅.jpg"
  }
]
